<?xml version="1.0" encoding="UTF-8"?>
<configuration debug="false" error="false" scan="true" scanPeriod="30 seconds">

	<property name="CONSOLE_LOG_PATTERN"
		value="${CONSOLE_LOG_PATTERN:-%clr(%d{${LOG_DATEFORMAT_PATTERN:-yyyy-MM-dd HH:mm:ss.SSS}}){faint} %clr(${LOG_LEVEL_PATTERN:-%5p}) %clr(${PID:- }){magenta} %clr(---){faint} %clr([%15.15t]){faint} %clr(%-40.40logger{39}){cyan} %clr(:){faint} %m%n${LOG_EXCEPTION_CONVERSION_WORD:-%wEx}}" />
	<property name="FILE_LOG_PATTERN" value="${FILE_LOG_PATTERN:-%d{${LOG_DATEFORMAT_PATTERN:-yyyy-MM-dd HH:mm:ss.SSS}} ${LOG_LEVEL_PATTERN:-%5p} ${PID:- } --- [%t] %-40.40logger{39} : %m%n${LOG_EXCEPTION_CONVERSION_WORD:-%wEx}}" />

	<!-- ================================================================ -->
	<!-- LOCAL : -Dspring.profiles.active="L" =========================== -->
	<!-- ================================================================ -->
	<springProfile name="L">
		<appender name="STDOUT" class="ch.qos.logback.core.ConsoleAppender">
			<encoder>
				<!-- <pattern><![CDATA[%d{yyyy-MM-dd HH:mm:ss} | %-5level | %X{X-Gbl-Id} | %X{X-UserId} | %-48logger{48} | %4line | %msg%n]]></pattern> -->
				<!-- <pattern><![CDATA[%highlight(%-5level) | %magenta(%X{X-Gbl-Id}) | %X{USER_ID} | %cyan(%-48logger{48}) | %4line | %msg%n]]></pattern> -->
				<pattern><![CDATA[%highlight(%-5level) | %magenta(%X{X-Gbl-Id}) | %cyan(%-48logger{48}) | %4line | %msg%n]]></pattern>
			</encoder>
		</appender> 

		<!-- 프레임워크 -->

		<logger name="org.springframework" level="warn" />
		<logger name="org.springframework.ldap" level="error" />
		<logger name="org.springframework.web" level="debug" />
		<logger name="org.springframework.security" level="error" />
		<logger name="org.springframework.data" level="error" />
		<logger name="org.springframework.data.convert" level="error" />
		<logger name="org.springframework.jdbc.datasource.DataSourceTransactionManager" level="error" />
		<logger name="org.springframework.transaction" level="error" />
		
		<logger name="org.springframework.cache" level="error" />
		
		<logger name="org.apache.http" level="error" />
		<logger name="org.apache.http" level="error" />
		<logger name="com.busanbank.MBC" level="debug" />
		<!-- 데이터베이스 -->
		<logger name="jdbc.sqlonly" level="debug" />
		<logger name="jdbc.resultsettable" level="debug" />
		<logger name="org.mybatis" level="error" />

		<logger name="jdbc.sqltiming" level="error" />
		<logger name="jdbc.audit" level="error" />
		<logger name="jdbc.resultset" level="off" />
		<logger name="jdbc.connection" level="error" />

		<logger name="org.hibernate" level="error" />
		<logger name="com.querydsl" level="error" />
		<logger name="javax.persistence" level="error" />
		<logger name="com.zaxxer.hikari" level="error" />

-->
		<root level="warn">
			<appender-ref ref="STDOUT" />
		</root>
	</springProfile>


	<!-- ================================================================ -->
	<!-- DEVELOPMENT : -Dspring.profiles.active="D" ===================== -->
	<!-- ================================================================ -->
	<springProfile name="D">
		<property name="LOG_DIR" value="/log/jeus/mbs/MBSUSER" />

		<appender name="FILE" class="ch.qos.logback.core.rolling.RollingFileAppender">
			<rollingPolicy class="ch.qos.logback.core.rolling.TimeBasedRollingPolicy">
				<fileNamePattern>${LOG_DIR}/MBSUSER-%d{yyyyMMdd}.%i.log</fileNamePattern>
				<timeBasedFileNamingAndTriggeringPolicy class="ch.qos.logback.core.rolling.SizeAndTimeBasedFNATP">
					<maxFileSize>50MB</maxFileSize>
				</timeBasedFileNamingAndTriggeringPolicy>
				<maxHistory>7</maxHistory>
			</rollingPolicy>
			<encoder>
				<charset>UTF-8</charset>
				<pattern><![CDATA[%d{yyyy-MM-dd HH:mm:ss} | %thread | %X{X-Gbl-Id} | %X{USER_ID} | %-5level | %-48logger{48} | %line | %msg%n]]></pattern>
			</encoder>
		</appender>
		<appender name="ASYNC_FILE" class="ch.qos.logback.classic.AsyncAppender">
			<appender-ref ref="FILE" />
		</appender>

		<!-- 프레임워크 -->
		<logger name="kr.co" level="debug" />
		<logger name="kr.co.busanbank.mbs.bframe" level="error" />
		<logger name="com.bnk" level="error" />
		<logger name="kr.co.busanbank.mbs.data.mapper" level="error" />
		<logger name="org.springframework.jdbc.core.JdbcTemplate" level="error" />
		<logger name="kr.co.busanbank.mbs.bframe.aop.TraceLoggingAspect" level="error" />

		<!-- 스프링 -->
		<logger name="org.springframework" level="info" />
		<logger name="org.springframework.web.servlet" level="error" />
		<logger name="org.springframework.security" level="error" />
		<logger name="org.springframework.data" level="error" />
		<logger name="org.springframework.data.convert" level="error" />
		<logger name="org.springframework.transaction" level="error" />
		<logger name="org.springframework.jdbc.datasource.DataSourceTransactionManager" level="error" />
		<logger name="org.springframework.jdbc.core.JdbcTemplate" level="error" />
		<logger name="org.springframework.web.servlet.DispatcherServlet" level="debug" />
		
		<!-- 캐시 -->
		<logger name="net.sf.ehcache" level="error" />
		<!-- 스케줄러 -->
		<logger name="org.quartz" level="error" />
		<logger name="org.springframework" level="error" />
		<!-- 로깅 -->
		<logger name="ch.qos.logback" level="error" />
		<!-- 연계 -->
		<logger name="javax.mail" level="error" />
		<!-- 데이터베이스 -->
		<logger name="jdbc.sqlonly" level="error" />
		<logger name="jdbc.resultsettable" level="error" />
		<logger name="jdbc.sqltiming" level="error" />
		<logger name="jdbc.audit" level="error" />
		<logger name="jdbc.resultset" level="error" />
		<logger name="jdbc.connection" level="error" />
		<logger name="org.hibernate" level="error" />
		<logger name="com.querydsl" level="error" />
		<logger name="javax.persistence" level="error" />
		<logger name="com.zaxxer.hikari" level="trace" />
		
		<logger name="io.lettuce" level="error" />
		<logger name="io.netty" level="error" />

		<logger name="kr.co.busanbank.mbs.bframe.integration.rmi.impl" level="info" />

		<root level="error">
			<appender-ref ref="ASYNC_FILE" />
		</root>
	</springProfile>

	<!-- ================================================================ -->
	<!-- PRODUCTION : : -Dspring.profiles.active="P" ==================== -->
	<!-- ================================================================ -->
	<springProfile name="P">
		<property name="LOG_DIR" value="/log/jeus/mbs/MBSUSER" />

		<appender name="FILE" class="ch.qos.logback.core.rolling.RollingFileAppender">
			<rollingPolicy class="ch.qos.logback.core.rolling.TimeBasedRollingPolicy">
				<fileNamePattern>${LOG_DIR}/MBSUSER-%d{yyyyMMdd}.%i.log</fileNamePattern>
				<timeBasedFileNamingAndTriggeringPolicy class="ch.qos.logback.core.rolling.SizeAndTimeBasedFNATP">
					<maxFileSize>50MB</maxFileSize>
				</timeBasedFileNamingAndTriggeringPolicy>
				<maxHistory>7</maxHistory>
			</rollingPolicy>
			<encoder>
				<charset>UTF-8</charset>
				<pattern><![CDATA[%d{yyyy-MM-dd HH:mm:ss} | %thread | %X{X-Gbl-Id} | %X{USER_ID} | %-5level | %-48logger{48} | %line | %msg%n]]></pattern>
			</encoder>
		</appender>
		<appender name="ASYNC_FILE" class="ch.qos.logback.classic.AsyncAppender">
			<appender-ref ref="FILE" />
		</appender>

		<!-- 프레임워크 -->
		<logger name="kr.co" level="error" />
		<logger name="com.bnk" level="error" />
		<logger name="kr.co.busanbank.mbs.data.mapper" level="error" />
		<logger name="kr.co.busanbank.mbs.bframe.aop.TraceLoggingAspect" level="error" />

		<!-- 스프링 -->
		<logger name="org.springframework" level="error" />
		<logger name="org.springframework.web.servlet" level="error" />
		<logger name="org.springframework.security" level="error" />
		<logger name="org.springframework.data" level="error" />
		<logger name="org.springframework.data.convert" level="error" />
		<logger name="org.springframework.jdbc.core.JdbcTemplate" level="error" />
		<logger name="org.springframework.jdbc.datasource.DataSourceTransactionManager" level="error" />
		<logger name="org.springframework.web.servlet.DispatcherServlet" level="error" />
		<!-- 캐시 -->
		<logger name="net.sf.ehcache" level="error" />
		<!-- 스케줄러 -->
		<logger name="org.quartz" level="error" />
		<logger name="org.springframework" level="error" />
		<!-- 로깅 -->
		<logger name="ch.qos.logback" level="error" />
		<!-- 연계 -->
		<logger name="javax.mail" level="error" />
		<!-- 데이터베이스 -->
		<logger name="jdbc.sqlonly" level="error" />
		<logger name="jdbc.resultsettable" level="error" additivity="false" />
		<logger name="jdbc.sqltiming" level="error" additivity="true" />
		<logger name="jdbc.audit" level="error" />
		<logger name="jdbc.resultset" level="error" />
		<logger name="jdbc.connection" level="error" />
		<logger name="org.hibernate" level="error" />
		<logger name="com.querydsl" level="error" />
		<logger name="javax.persistence" level="error" />

		<logger name="kr.co.busanbank.mbs.bframe.integration.rmi.impl" level="info" />

		<root level="error">
			<appender-ref ref="ASYNC_FILE" />
		</root>
	</springProfile>

</configuration>