{"properties": [
  {
    "name": "eai.host",
    "type": "java.lang.String",
    "description": "A description for 'eai.host'"
  },
  {
    "name": "eai.port",
    "type": "java.lang.String",
    "description": "A description for 'eai.port'"
  },
  {
    "name": "eai.env",
    "type": "java.lang.String",
    "description": "A description for 'eai.env'"
  },
  {
    "name": "spring.datasource.ods.jndi-name",
    "type": "java.lang.String",
    "description": "A description for 'spring.datasource.ods.jndi-name'"
  },
  {
    "name": "spring.datasource.ods.expected-type",
    "type": "java.lang.String",
    "description": "A description for 'spring.datasource.ods.expected-type'"
  },
  {
    "name": "spring.datasource.mysql.jndi-name",
    "type": "java.lang.String",
    "description": "A description for 'spring.datasource.mysql.jndi-name'"
  },
  {
    "name": "spring.datasource.mysql.expected-type",
    "type": "java.lang.String",
    "description": "A description for 'spring.datasource.mysql.expected-type'"
  }
]}