<?xml version="1.0" encoding="UTF-8"?>
<!DOCTYPE mapper PUBLIC "-//mybatis.org//DTD Mapper 3.0//EN" "http://mybatis.org/dtd/mybatis-3-mapper.dtd">

<mapper namespace="com.busanbank.MBC.data.mapper.nib.TestNIBMapper">
    <select id="findAllNIB" parameterType="hashMap" resultType="hashMap">
		SELECT * FROM OWN_DB.TB_ICMM_SHORT_URL_INFO
    </select>
    <select id="fndAll" parameterType="hashMap" resultType="hashMap">
		        SELECT * FROM OWN_DB.TB_ICMM_SHORT_URL_INFO where BNK_SHORT_URL_HASH_IDTF_VAL = #{bnkShortUrlHashIdtfVal}
    </select>
     
<!--    <insert id="insertData" parameterType="hashMap">
		        INSERT INTO city
		        (Name, CountryCode, District, Population)
		        VALUES (#{name}, #{countryCode}, #{district}, #{population})
		        
    </insert>
     <select id="fndAll" parameterType="hashMap" resultType="hashMap">
		        SELECT * FROM SYSTEM.TABLE1 where COLUMN1 = #{username}
    </select>-->
    
</mapper>