<?xml version="1.0" encoding="UTF-8" ?>
<!DOCTYPE mapper PUBLIC "-//mybatis.org//DTD Mapper 3.0//EN"
        "http://mybatis.org/dtd/mybatis-3-mapper.dtd">

<mapper namespace="com.busanbank.MBC.data.mapper.ods.LoginODSMapper">
        
    <!--<insert id="insertData" parameterType="hashMap">
		        INSERT INTO city
		        (Name, CountryCode, District, Population)
		        VALUES (#{name}, #{countryCode}, #{district}, #{population})
		        
    </insert>-->
     <select id="fndStfInfo" parameterType="hashMap" resultType="hashMap">
		        SELECT * FROM OWN_DB.TB_COMM_STF_INFO 
		        WHERE CMGRP_CD = '01'  
		        AND ENOB = #{enob}
    </select>
    
<!--    <![CDATA[
    ]]>
     <choose>
      <when test='"TB_ORFS_BRHB_BPD_NMSM" == tableName'>   FROM TB_ORFS_BRHB_BPD_NMSM A     </when>
      <when test='"TB_ORFS_BRHB_BPD_1_NMSM" == tableName'> FROM TB_ORFS_BRHB_BPD_1_NMSM A   </when>
    </choose>
    <if test = "inqBs == 1" >
		AA.전일잔액 ,
		AA.금일잔액 ,
	</if>
-->    
</mapper>